<?xml version="1.0" encoding="utf-8"?>
<extension type="file" version="2.5" method="upgrade">

    <name>Spolszczenie szablonu Hydrogen</name>
    <author>Zbigniew Sokal</author>
    <creationDate>12 January 2022</creationDate>
    <copyright>(C) 2018-2023 Poradniki Dziadka</copyright>
    <license>http://www.gnu.org/licenses/gpl-2.0.html GNU/GPL</license>
    <authorEmail>admin@dziadek.guide</authorEmail>
    <authorUrl>https://dziadek.guide</authorUrl>
    <version>5.5.15</version>
    <description>Spolszczenie szablonu Hydrogen Joomla i plików yaml pakietu Gantry 5</description>

    <fileset>
        <!-- TEMPLATES -->
        <!-- templates/g5_hydrogen/language -->
        <files folder="language/pl-PL" target="templates/g5_hydrogen/language/pl-PL">
            <filename>pl-PL.tpl_g5_hydrogen.ini</filename>
            <filename>pl-PL.tpl_g5_hydrogen.sys.ini</filename>
        </files>
        <!-- templates/g5_hydrogen/admin/templates/ajax-->
        <files folder="custom/admin/templates/ajax" target="templates/g5_hydrogen/custom/admin/templates/ajax">
            <filename>icons.html.twig</filename>
            <filename>outline-new.html.twig</filename>
        </files>
        <!-- templates/g5_hydrogen/admin/templates/pages/about-->
        <files folder="custom/admin/templates/pages/about" target="templates/g5_hydrogen/custom/admin/templates/pages/about">
            <filename>about.html.twig</filename>
        </files>
        <!-- templates/g5_hydrogen/blueprints-->
        <files folder="custom/blueprints" target="templates/g5_hydrogen/custom/blueprints">
            <filename>page.yaml</filename>
        </files>
        <!-- templates/g5_hydrogen/blueprints/styles-->
        <files folder="custom/blueprints/styles" target="templates/g5_hydrogen/custom/blueprints/styles">
            <filename>accent.yaml</filename>
            <filename>base.yaml</filename>
            <filename>breakpoints.yaml</filename>
            <filename>feature.yaml</filename>
            <filename>footer.yaml</filename>
            <filename>header.yaml</filename>
            <filename>main.yaml</filename>
            <filename>menu.yaml</filename>
            <filename>navigation.yaml</filename>
            <filename>offcanvas.yaml</filename>
            <filename>showcase.yaml</filename>
            <filename>subfeature.yaml</filename>
        </files>
        <!-- templates/g5_hydrogen/layouts-->
        <files folder="custom/layouts" target="templates/g5_hydrogen/custom/layouts">
            <filename>home.yaml</filename>
        </files>
        <!-- templates/g5_hydrogen/particles-->
        <files folder="custom/particles" target="templates/g5_hydrogen/custom/particles">
            <filename>sample.yaml</filename>
        </files>
        <!-- GANTRY 5 -->
        <!-- administrator -> custom/admin -->
        <files folder="custom/admin/blueprints/gantry/theme" target="templates/g5_hydrogen/custom/admin/blueprints/gantry/theme">
            <filename>configuration.yaml</filename>
            <filename>details.yaml</filename>
        </files>

        <files folder="custom/admin/blueprints/menu" target="templates/g5_hydrogen/custom/admin/blueprints/menu">
            <filename>menu.yaml</filename>
            <filename>menuitem.yaml</filename>
        </files>

        <!-- media -> custom/engine -->
        <files folder="custom/engine/admin/blueprints/layout/inheritance/messages" target="templates/g5_hydrogen/custom/engine/admin/blueprints/layout/inheritance/messages">
            <filename>default.yaml</filename>
            <filename>empty.yaml</filename>
            <filename>inherited.yaml</filename>
        </files>

        <files folder="custom/engine/admin/blueprints/layout/inheritance" target="templates/g5_hydrogen/custom/engine/admin/blueprints/layout/inheritance">
            <filename>atom.yaml</filename>
            <filename>offcanvas.yaml</filename>
            <filename>particle.yaml</filename>
            <filename>position.yaml</filename>
            <filename>section.yaml</filename>
            <filename>system.yaml</filename>
        </files>

        <files folder="custom/engine/admin/blueprints/layout" target="templates/g5_hydrogen/custom/engine/admin/blueprints/layout">
            <filename>block.yaml</filename>
            <filename>container.yaml</filename>
            <filename>offcanvas.yaml</filename>
            <filename>section.yaml</filename>
        </files>

        <files folder="custom/engine/admin/blueprints/menu" target="templates/g5_hydrogen/custom/engine/admin/blueprints/menu">
            <filename>block.yaml</filename>
        </files>

        <files folder="custom/engine/admin/blueprints/position" target="templates/g5_hydrogen/custom/engine/admin/blueprints/position">
            <filename>chrome.yaml</filename>
        </files>

        <files folder="custom/engine/blueprints/page" target="templates/g5_hydrogen/custom/engine/blueprints/page">
            <filename>assets.yaml</filename>
            <filename>body.yaml</filename>
            <filename>fontawesome.yaml</filename>
            <filename>head.yaml</filename>
        </files>

        <files folder="custom/engine/particles" target="templates/g5_hydrogen/custom/engine/particles">
            <filename>analytics.yaml</filename>
            <filename>assets.yaml</filename>
            <filename>branding.yaml</filename>
            <filename>content.yaml</filename>
            <filename>contentarray.yaml</filename>
            <filename>copyright.yaml</filename>
            <filename>custom.yaml</filename>
            <filename>date.yaml</filename>
            <filename>frameworks.yaml</filename>
            <filename>lightcase.yaml</filename>
            <filename>logo.yaml</filename>
            <filename>menu.yaml</filename>
            <filename>messages.yaml</filename>
            <filename>mobile-menu.yaml</filename>
            <filename>module.yaml</filename>
            <filename>position.yaml</filename>
            <filename>social.yaml</filename>
            <filename>spacer.yaml</filename>
            <filename>totop.yaml</filename>
        </files>
    </fileset>
    <updateservers>
        <server type="collection" priority="1" name="lang_joomla-tpl_g5_hydrogen_pl-PL">https://dziadek.guide/langpack/translationlist.xml</server>
    </updateservers>
</extension>
