<?xml version="1.0" encoding="utf-8"?>
<extension type="file" version="2.5" method="upgrade">

    <name>lang_joomla_gantry5_pl-PL</name>
    <author>Zbigniew Sokal</author>
    <creationDate>31 May 2022</creationDate>
    <copyright>(C) 2018-2022 Poradniki Dziadka</copyright>
    <license>http://www.gnu.org/licenses/gpl-2.0.html GNU/GPL</license>
    <authorEmail>admin@dziadek.guide</authorEmail>
    <authorUrl>https://dziadek.guide</authorUrl>
    <version>5.5.11</version>
    <description>Polski (pl-PL) pakiet językowy dla pakietu Joomla Gantry 5</description>

    <!-- Fileset definition -->
    <fileset>

        <!-- back-end -->
        <files folder="admin/pl-PL" target="administrator/language/pl-PL">
            <filename>pl-PL.com_gantry5.ini</filename>
            <filename>pl-PL.com_gantry5.sys.ini</filename>
            <filename>pl-PL.plg_gantry5_preset.sys.ini</filename>
            <filename>pl-PL.plg_quickicon_gantry5.sys.ini</filename>
            <filename>pl-PL.plg_system_gantry5.sys.ini</filename>
        </files>

        <!-- front-end -->
        <files folder="site/pl-PL" target="language/pl-PL">
            <filename>pl-PL.files_gantry5_nucleus.ini</filename>
            <filename>pl-PL.files_gantry5_nucleus.sys.ini</filename>
            <filename>pl-PL.lib_gantry5.sys.ini</filename>
            <filename>pl-PL.mod_gantry5_particle.ini</filename>
            <filename>pl-PL.mod_gantry5_particle.sys.ini</filename>
            <filename>pl-PL.pkg_gantry5.sys.ini</filename>
        </files>
    </fileset>
    <updateservers>
        <server type="collection" priority="1" name="lang_gantry5_pl-PL">http://upgrade.dziadek.guide/translationlist.xml</server>
    </updateservers>
</extension>
